{
  "success": true,
  "terms": "https:\/\/currencylayer.com\/terms",
  "privacy": "https:\/\/currencylayer.com\/privacy",
  "timestamp": 1749387364,
  "source": "USD",
  "quotes": {
    "USDAED": 3.672504,
    "USDAFN": 69.960977,
    "USDALL": 86.131451,
    "USDAMD": 383.654141,
    "USDANG": 1.789679,
    "USDAOA": 917.000367,
    "USDARS": 1180.4845,
    "USDAUD": 1.539172,
    "USDAWG": 1.794293,
    "USDAZN": 1.70397,
    "USDBAM": 1.715087,
    "USDBBD": 2.022537,
    "USDBDT": 122.418556,
    "USDBGN": 1.715087,
    "USDBHD": 0.377691,
    "USDBIF": 2982.066909,
    "USDBMD": 1,
    "USDBND": 1.288376,
    "USDBOB": 6.921559,
    "USDBRL": 5.559404,
    "USDBSD": 1.00171,
    "USDBTC": 9.563209e-6,
    "USDBTN": 85.767528,
    "USDBWP": 13.401149,
    "USDBYN": 3.278116,
    "USDBYR": 19600,
    "USDBZD": 2.012102,
    "USDCAD": 1.36955,
    "USDCDF": 2880.000362,
    "USDCHF": 0.822147,
    "USDCLF": 0.024352,
    "USDCLP": 931.591178,
    "USDCNY": 7.18945,
    "USDCNH": 7.188675,
    "USDCOP": 4119.6124,
    "USDCRC": 510.6327,
    "USDCUC": 1,
    "USDCUP": 26.5,
    "USDCVE": 96.693997,
    "USDCZK": 21.750394,
    "USDDJF": 178.37506,
    "USDDKK": 6.54435,
    "USDDOP": 59.130969,
    "USDDZD": 131.686938,
    "USDEGP": 49.431315,
    "USDERN": 15,
    "USDETB": 136.779498,
    "USDEUR": 0.87685,
    "USDFJD": 2.250804,
    "USDFKP": 0.738582,
    "USDGBP": 0.739208,
    "USDGEL": 2.730391,
    "USDGGP": 0.738582,
    "USDGHS": 10.267023,
    "USDGIP": 0.738582,
    "USDGMD": 71.000355,
    "USDGNF": 8682.422063,
    "USDGTQ": 7.697637,
    "USDGYD": 209.882931,
    "USDHKD": 7.843804,
    "USDHNL": 26.121805,
    "USDHRK": 6.611204,
    "USDHTG": 131.354409,
    "USDHUF": 354.190388,
    "USDIDR": 16316.35,
    "USDILS": 3.502365,
    "USDIMP": 0.738582,
    "USDINR": 85.785504,
    "USDIQD": 1312.228702,
    "USDIRR": 42112.503816,
    "USDISK": 126.370386,
    "USDJEP": 0.738582,
    "USDJMD": 159.9772,
    "USDJOD": 0.70904,
    "USDJPY": 144.87504,
    "USDKES": 129.469023,
    "USDKGS": 87.450384,
    "USDKHR": 4018.941553,
    "USDKMF": 431.503794,
    "USDKPW": 900.000007,
    "USDKRW": 1360.180383,
    "USDKWD": 0.30602,
    "USDKYD": 0.834744,
    "USDKZT": 510.878239,
    "USDLAK": 21625.816635,
    "USDLBP": 89751.216732,
    "USDLKR": 299.662384,
    "USDLRD": 199.833384,
    "USDLSL": 17.785329,
    "USDLTL": 2.95274,
    "USDLVL": 0.60489,
    "USDLYD": 5.454466,
    "USDMAD": 9.167186,
    "USDMDL": 17.263998,
    "USDMGA": 4518.788091,
    "USDMKD": 53.961503,
    "USDMMK": 2099.630398,
    "USDMNT": 3579.289596,
    "USDMOP": 8.095322,
    "USDMRU": 39.777261,
    "USDMUR": 45.610378,
    "USDMVR": 15.405039,
    "USDMWK": 1736.922875,
    "USDMXN": 19.109304,
    "USDMYR": 4.227504,
    "USDMZN": 63.960377,
    "USDNAD": 17.785329,
    "USDNGN": 1559.080377,
    "USDNIO": 36.865875,
    "USDNOK": 10.113804,
    "USDNPR": 137.228044,
    "USDNZD": 1.663064,
    "USDOMR": 0.384504,
    "USDPAB": 1.00171,
    "USDPEN": 3.631604,
    "USDPGK": 4.117157,
    "USDPHP": 55.911504,
    "USDPKR": 282.526154,
    "USDPLN": 3.759811,
    "USDPYG": 7996.66769,
    "USDQAR": 3.653089,
    "USDRON": 4.426304,
    "USDRSD": 102.749156,
    "USDRUB": 78.557285,
    "USDRWF": 1417.810321,
    "USDSAR": 3.756829,
    "USDSBD": 8.347391,
    "USDSCR": 14.697944,
    "USDSDG": 600.503676,
    "USDSEK": 9.644504,
    "USDSGD": 1.287804,
    "USDSHP": 0.785843,
    "USDSLE": 22.550371,
    "USDSLL": 20969.500214,
    "USDSOS": 572.455825,
    "USDSRD": 36.942038,
    "USDSTD": 20697.981008,
    "USDSVC": 8.764853,
    "USDSYP": 13001.848704,
    "USDSZL": 17.779629,
    "USDTHB": 32.775038,
    "USDTJS": 9.902925,
    "USDTMT": 3.5,
    "USDTND": 2.970842,
    "USDTOP": 2.342104,
    "USDTRY": 39.218504,
    "USDTTD": 6.778621,
    "USDTWD": 29.932704,
    "USDTZS": 2661.98974,
    "USDUAH": 41.48244,
    "USDUGX": 3626.079712,
    "USDUYU": 41.62757,
    "USDUZS": 12798.702153,
    "USDVES": 98.39009,
    "USDVND": 26054,
    "USDVUV": 119.530749,
    "USDWST": 2.747979,
    "USDXAF": 575.224273,
    "USDXAG": 0.027793,
    "USDXAU": 0.000302,
    "USDXCD": 2.70255,
    "USDXDR": 0.715394,
    "USDXOF": 575.224273,
    "USDXPF": 104.581927,
    "USDYER": 243.350363,
    "USDZAR": 17.782545,
    "USDZMK": 9001.203587,
    "USDZMW": 24.816942,
    "USDZWL": 321.999592
  }
}
